sp,period,habitat,evolR,FAD,LAD,floodageMinHi,floodageMinLo,floodageMaxHi,floodageMaxLo,disO2ageMinHi,disO2ageMinLo,disO2ageMaxHi,disO2ageMaxLo,pcShallageMin,pcShallageMax,CO2ageMinHi,CO2ageMinLo,CO2ageMaxHi,CO2ageMaxLo,O2ageMinHi,O2ageMinLo,O2ageMaxHi,O2ageMaxLo,subFluxageMinHi,subFluxageMinLo,subFluxageMaxHi,subFluxageMaxLo,SLageMinHi,SLageMinLo,SLageMaxHi,SLageMaxLo,SSTageMinHi,SSTageMinLo,SSTageMaxHi,SSTageMaxLo
Styloichthys_changae,Lower_Devonian_(late_Lochkovian),marine ,5.115,413.6,410.8,92.51004221,87.2891584,89.63855014,83.63453574,277.1047357,222.4845969,277.8234105,219.6098701,21.88098463,20.82763455,2241.509396,1599.99988,2230.188636,1716.981159,19.77612125,13.28358369,21.94029854,16.04477815,1.999999921,1.941666832,1.999999921,1.941666832,202.439027,175.0000033,167.6829257,134.1463412,33.0487802,30.24390335,36.34146376,33.0487802
Eoactinistia_foreyi,Lower_Devonian_(mid-Late_Pragian),,2.061,409.7333333,407.6,89.63855014,82.85140516,89.8996003,82.85140516,273.5113066,216.016441,257.7002131,200.9240223,20.75136596,20.87551344,2230.188636,1735.849082,2211.320713,1720.754758,22.23880712,16.56716391,21.86567281,16.8656725,1.999999921,1.941666832,1.999999921,1.941666832,157.5221405,130.8849544,158.1416001,129.6460353,30.85365939,28.53658457,29.26829461,27.0731738
Euporosteus_yunnanensis,Lower_Devonian_(late_Pragian),marine ,1.5351,408.6666667,407.6,89.37750993,83.11244537,89.8996003,82.85140516,20.84699473,20.87551344,256.6872386,196.1934307,20.79918126,20.89480821,2211.320713,1720.754758,2215.09424,1671.698116,21.86567281,16.8656725,22.08955283,16.41791246,1.999999921,1.941666832,1.740663213,1.653527146,158.1416001,129.6460353,157.2695004,128.1028308,29.26829461,27.0731738,28.78048792,26.70731645
Euporosteus_eifeliensis,Middle_Devonian_(late_Givetian),,1.4329,384.3666667,382.7,96.68674528,96.16465491,99.29718719,96.68674528,205.9548285,156.3654959,196.6119183,147.0225857,22.99863399,23.14207624,2011.320725,924.5284051,2041.509444,939.6226569,18.73134404,12.98507511,18.05970115,12.31343506,1.866666057,1.833333227,1.841666753,1.783333029,270.2654806,221.3274434,265.9292165,217.6106152,28.90244192,25.85366171,34.63414498,28.53658457
Gavinia_syntrips,Middle_Devonian_(uppermost_Givetian),lacustrine ,1.4501,384.3666667,382.7,96.68674528,96.16465491,99.29718719,96.68674528,205.9548285,156.3654959,196.6119183,147.0225857,22.99863399,23.14207624,2011.320725,924.5284051,2041.509444,939.6226569,18.73134404,12.98507511,18.05970115,12.31343506,1.866666057,1.833333227,1.841666753,1.783333029,270.2654806,221.3274434,265.9292165,217.6106152,28.90244192,25.85366171,34.63414498,28.53658457
Miguashaia_grossi,Middle_Devonian_(late_Givetian),,1.587,384.3666667,382.7,96.68674528,96.16465491,99.29718719,96.68674528,205.9548285,156.3654959,196.6119183,147.0225857,22.99863399,23.14207624,2011.320725,924.5284051,2041.509444,939.6226569,18.73134404,12.98507511,18.05970115,12.31343506,1.866666057,1.833333227,1.841666753,1.783333029,270.2654806,221.3274434,265.9292165,217.6106152,28.90244192,25.85366171,34.63414498,28.53658457
Diplocercides_heiligenstockiensis,Upper_Devonian_(earliest_Frasnian),lagoonal ,1.0269,382.7,379.2,99.29718719,96.68674528,102.1686793,97.20883565,196.6119183,147.0225857,175.7700186,129.0554402,23.14207624,23.04644746,2041.509444,939.6226569,2015.094324,796.226473,18.05970115,12.31343506,16.7164182,10.14924923,1.841666753,1.783333029,1.766666614,1.699999682,265.9292165,217.6106152,260.353986,213.274351,34.63414498,28.53658457,33.29268355,26.82927045
Gogocoelacanthus_zhumini,Upper_Devonian_(early_Frasnian),marine ,2.3015,382.7,379.2,99.29718719,96.68674528,102.1686793,97.20883565,196.6119183,147.0225857,175.7700186,129.0554402,23.14207624,23.04644746,2041.509444,939.6226569,2015.094324,796.226473,18.05970115,12.31343506,16.7164182,10.14924923,1.841666753,1.783333029,1.766666614,1.699999682,265.9292165,217.6106152,260.353986,213.274351,34.63414498,28.53658457,33.29268355,26.82927045
Holopterygius_nudus,Upper_Devonian_(early_Frasnian),lagoonal ,5.7879,382.7,379.2,99.29718719,96.68674528,102.1686793,97.20883565,196.6119183,147.0225857,175.7700186,129.0554402,23.14207624,23.04644746,2041.509444,939.6226569,2015.094324,796.226473,18.05970115,12.31343506,16.7164182,10.14924923,1.841666753,1.783333029,1.766666614,1.699999682,265.9292165,217.6106152,260.353986,213.274351,34.63414498,28.53658457,33.29268355,26.82927045
Miguashaia_bureaui,Upper_Devonian_(middle_Frasnian),estuarine,1.587,379.2,375.7,102.1686793,97.20883565,102.1686793,97.99196623,175.7700186,129.0554402,163.5523541,118.9938552,23.04644746,22.80737643,2015.094324,796.226473,1913.207512,637.7358934,16.7164182,10.14924923,18.65671832,12.68656937,1.766666614,1.699999682,1.816666812,1.766666614,260.353986,213.274351,256.6371814,210.7964656,33.29268355,26.82927045,27.19511384,22.92682155
Diplocercides_kayseri,Upper_Devonian_(late_Frasnian),,1.0854,375.7,372.2,102.1686793,97.99196623,101.6465889,98.2530164,163.5523541,118.9938552,155.6467662,111.806997,22.80737643,22.52049193,1913.207512,637.7358934,1837.735821,694.3396616,18.65671832,12.68656937,19.02985263,13.20895512,1.816666812,1.766666614,1.908332731,1.858333486,256.6371814,210.7964656,252.3008937,205.8407182,27.19511384,22.92682155,33.65853624,32.43902416
Shoshonia_arctopteryx,Middle–Upper_Devonian_(Givetian-Frasnian),,1.4104,387.7,372.2,97.99196623,90.94377109,101.6465889,98.2530164,220.3285449,168.5831604,155.6467662,111.806997,21.25855,22.52049193,1935.849034,883.0188887,1837.735821,694.3396616,20.37313557,14.92537523,19.02985263,13.20895512,1.941666832,1.908332731,1.908332731,1.858333486,275.8407111,225.044248,252.3008937,205.8407182,25.85366171,22.92682155,33.65853624,32.43902416
Serenichthys_kowiensis,Upper_Devonian_(Late_Famennian),estuarine,1.493,363.3333333,358.9,98.2530164,74.49798907,95.64257449,71.88754716,165.7084335,121.1499072,195.1745412,141.2730498,21.37295027,20.60792371,1679.245314,683.0189367,1781.132053,335.8492739,21.94029854,16.7164182,25.29850732,20.07462699,2.108333525,1.991666077,2.208333287,2.025000179,163.7168306,134.6017826,106.7256773,88.76106671,28.53658457,26.09756041,31.70731878,28.17073188
Allenypterus_montanus,Lower_Carboniferous_(Serpukhovian),marine ,4.4601,330.9,323.2,81.54618421,71.36545679,76.84739077,65.62249256,297.2279332,196.6119183,305.1334662,208.8295827,17.93032892,17.45218687,796.226473,NA,875.4718348,230.1887915,26.41791025,23.13433003,22.76119572,19.02985263,1.858333486,1.824999384,1.633333386,1.625000179,143.8938177,118.4955743,100.5309873,81.32743392,16.21950976,13.78048559,16.21950976,13.78048559
Caridosuctor populosum,Lower_Carboniferous_(Serpukhovian),marine ,4.1142,330.9,323.2,81.54618421,71.36545679,76.84739077,65.62249256,297.2279332,196.6119183,305.1334662,208.8295827,17.93032892,17.45218687,796.226473,NA,875.4718348,230.1887915,26.41791025,23.13433003,22.76119572,19.02985263,1.858333486,1.824999384,1.633333386,1.625000179,143.8938177,118.4955743,100.5309873,81.32743392,16.21950976,13.78048559,16.21950976,13.78048559
Hadronector_donbairdi,Lower_Carboniferous_(Serpukhovian),marine ,1.2622,330.9,323.2,81.54618421,71.36545679,76.84739077,65.62249256,297.2279332,196.6119183,305.1334662,208.8295827,17.93032892,17.45218687,796.226473,NA,875.4718348,230.1887915,26.41791025,23.13433003,22.76119572,19.02985263,1.858333486,1.824999384,1.633333386,1.625000179,143.8938177,118.4955743,100.5309873,81.32743392,16.21950976,13.78048559,16.21950976,13.78048559
Lochmocercus_aciculiodontus,Lower_Carboniferous_(Serpukhovian),marine ,1.6997,330.9,323.2,81.54618421,71.36545679,76.84739077,65.62249256,297.2279332,196.6119183,305.1334662,208.8295827,17.93032892,17.45218687,796.226473,NA,875.4718348,230.1887915,26.41791025,23.13433003,22.76119572,19.02985263,1.858333486,1.824999384,1.633333386,1.625000179,143.8938177,118.4955743,100.5309873,81.32743392,16.21950976,13.78048559,16.21950976,13.78048559
Polyosteorhynchus_simplex,Lower_Carboniferous_(Serpukhovian),marine ,2.2882,330.9,323.2,81.54618421,71.36545679,76.84739077,65.62249256,297.2279332,196.6119183,305.1334662,208.8295827,17.93032892,17.45218687,796.226473,NA,875.4718348,230.1887915,26.41791025,23.13433003,22.76119572,19.02985263,1.858333486,1.824999384,1.633333386,1.625000179,143.8938177,118.4955743,100.5309873,81.32743392,16.21950976,13.78048559,16.21950976,13.78048559
Rhabdoderma_exiguum,Upper_Carboniferous_(upper_part_of_the_Moscovian),marine,1.6152,311,306,76.32530039,67.18875372,73.71485849,69.27710525,333.0374736,230.1775211,339.2505016,234.3195222,14.91887804,15.33185897,847.5113352,326.2441188,1100.000039,318.0996025,27.99042986,25.19138851,29.71291894,25.98086108,1.384462084,1.360557456,1.344621444,1.304780804,168.9024425,138.4146384,175.6097501,144.5121993,22.0689614,13.67815749,26.66666265,17.70114609
Rhaboderma_elegans,Upper_Carboniferous_(Namurian_A_Westphalian_D),freshwater,1.6037,330.9,303.7,81.54618421,71.36545679,71.62650695,71.10441658,297.2279332,196.6119183,352.5667331,242.6077944,17.93032892,15.82650315,796.226473,NA,1105.660434,403.7737669,26.41791025,23.13433003,29.92537333,25.97015022,1.858333486,1.824999384,1.358333088,1.3,143.8938177,118.4955743,173.0088657,142.0354154,16.21950976,13.78048559,22.80488151,17.56098049
Rhabdoderma_(?) newelli,Upper_Carboniferous_(Stephanian_B_Kasimovian),freshwater-brackish-marine,1.2251,307,303.7,74.49798907,69.01606505,71.62650695,71.10441658,337.4743281,231.8275071,352.5667331,242.6077944,14.77459026,15.82650315,1056.603864,305.6604824,1105.660434,403.7737669,29.4776133,25.89552165,29.92537333,25.97015022,1.349999881,1.3,1.358333088,1.3,176.7256702,145.1327604,173.0088657,142.0354154,24.51219563,18.53658922,22.80488151,17.56098049
Spermatodus_pustulosus,Lower_Permian_(Artinskian_Kazanian),,2.7254,290.1,283.5,77.63052135,68.23293447,74.75903923,72.40963753,420.841886,295.0718812,415.092405,293.6345041,16.59152971,16.35245868,1241.50942,724.5284531,1335.849034,886.7925597,38.35820815,33.0597021,40.22388112,33.50746355,1.524999781,1.449999642,1.474999901,1.42500002,119.734517,99.91150409,135.8407253,112.9203674,18.53658922,12.92683086,18.29268588,12.92683086
Coelacanthus_granulatus,Upper_Permian_(Guadaloupian),,2.2031,272.95,259.1,77.63052135,70.84337637,75.28111965,62.75100049,404.3121177,295.790556,348.2546292,272.7926043,15.15710354,15.87431662,1116.981159,433.9624144,1298.113189,192.4529461,40.7462683,32.76119493,40.82089545,32.31343348,1.491666316,1.458333486,1.591666713,1.524999781,165.5752329,137.0796444,75.75222705,63.36284694,20.48779739,14.99999767,22.19512547,20.73171004
Changxingia_aspratilis,Upper_Permian_(Changhsingian),marine ,1.2464,254.14,252.28,65.88353277,63.01205065,63.53413107,61.44577953,293.6345041,218.8911678,269.1991752,193.7371641,13.34016409,12.71857978,1683.018913,811.3208688,1724.528285,852.8302412,41.26865691,32.83582066,41.04477547,32.83582066,1.399999762,1.366666296,1.291666792,1.274999742,75.13274386,63.36284694,75.13274386,64.60176604,24.51219563,17.68292984,22.56097816,20.36585735
Changxingia_weii,Upper_Permian_(Changhsingian),marine ,1.2693,254.14,252.28,65.88353277,63.01205065,63.53413107,61.44577953,293.6345041,218.8911678,269.1991752,193.7371641,13.34016409,12.71857978,1683.018913,811.3208688,1724.528285,852.8302412,41.26865691,32.83582066,41.04477547,32.83582066,1.399999762,1.366666296,1.291666792,1.274999742,75.13274386,63.36284694,75.13274386,64.60176604,24.51219563,17.68292984,22.56097816,20.36585735
Youngichthys_xinghuainsis,Upper_Permian_(Changhsingian),marine ,1.8298,254.14,252.28,65.88353277,63.01205065,63.53413107,61.44577953,293.6345041,218.8911678,269.1991752,193.7371641,13.34016409,12.71857978,1683.018913,811.3208688,1724.528285,852.8302412,41.26865691,32.83582066,41.04477547,32.83582066,1.399999762,1.366666296,1.291666792,1.274999742,75.13274386,63.36284694,75.13274386,64.60176604,24.51219563,17.68292984,22.56097816,20.36585735
Piveteauia_madagascariensis,Lower_Triassic_(Induan),near-shore marine,1.1638,251.902,251.2,62.75100049,60.66264895,63.01205065,60.14055858,269.1991752,193.7371641,260.9683883,189.0316249,12.62295101,12.61570878,1724.528285,852.8302412,1705.172384,781.8964324,41.04477547,32.83582066,40.90255626,32.42012776,1.291666792,1.274999742,1.279116786,1.263052162,75.75222705,63.98230649,75.39131412,63.8260646,30,21.21951208,32.82420611,28.32852722
Whiteia_uyenoteruya,Lower_Triassic_(Induan),near-shore marine,1.3628,251.902,251.2,62.75100049,60.66264895,63.01205065,60.14055858,269.1991752,193.7371641,260.9683883,189.0316249,12.62295101,12.61570878,1724.528285,852.8302412,1705.172384,781.8964324,41.04477547,32.83582066,40.90255626,32.42012776,1.291666792,1.274999742,1.279116786,1.263052162,75.75222705,63.98230649,75.39131412,63.8260646,30,21.21951208,32.82420611,28.32852722
Whiteia_woodwardi,Lower_Triassic_(Induan),near-shore marine,1.4048,251.902,251.2,62.75100049,60.66264895,63.01205065,60.14055858,269.1991752,193.7371641,260.9683883,189.0316249,12.62295101,12.61570878,1724.528285,852.8302412,1705.172384,781.8964324,41.04477547,32.83582066,40.90255626,32.42012776,1.291666792,1.274999742,1.279116786,1.263052162,75.75222705,63.98230649,75.39131412,63.8260646,30,21.21951208,32.82420611,28.32852722
Laugia_groenlandica,Lower_Triassic_(Griesbachian),delta,1.775,251.902,250.5,62.75100049,60.66264895,62.22891011,59.87951837,269.1991752,193.7371641,253.3597039,180.7312514,12.62295101,12.61570878,1724.528285,852.8302412,1694.569999,753.8462136,41.04477547,32.83582066,40.75878575,31.98881761,1.291666792,1.274999742,1.255020157,1.238956146,75.75222705,63.98230649,75.99995402,63.21737826,30,21.21951208,32.82420611,28.90489608
Sassenia_groenlandica,Lower_Triassic_(Griesbachian),delta,0.8956,251.902,250.5,62.75100049,60.66264895,62.22891011,59.87951837,269.1991752,193.7371641,253.3597039,180.7312514,12.62295101,12.61570878,1724.528285,852.8302412,1694.569999,753.8462136,41.04477547,32.83582066,40.75878575,31.98881761,1.291666792,1.274999742,1.255020157,1.238956146,75.75222705,63.98230649,75.99995402,63.21737826,30,21.21951208,32.82420611,28.90489608
Whiteia_nielseni,Lower_Triassic_(Griesbachian),delta,1.6735,251.902,250.5,62.75100049,60.66264895,62.22891011,59.87951837,269.1991752,193.7371641,253.3597039,180.7312514,12.62295101,12.61570878,1724.528285,852.8302412,1694.569999,753.8462136,41.04477547,32.83582066,40.75878575,31.98881761,1.291666792,1.274999742,1.255020157,1.238956146,75.75222705,63.98230649,75.99995402,63.21737826,30,21.21951208,32.82420611,28.90489608
Belemnocerca_prolata,Lower_Triassic_(early_Olenekian),marine ,1.6263,251.2,249.8666667,62.75100049,60.14055858,61.96786991,60.40160875,258.4188879,187.987683,244.7638738,172.8952917,12.47950875,12.62295101,1698.113237,826.4151206,1615.094348,732.075507,40.82089545,32.31343348,40.44776114,31.49253629,1.266666534,1.241666276,1.224999861,1.216666653,76.3716866,63.98230649,73.89382476,63.36284694,27.19511384,23.1707342,31.70731878,28.78048792
Rebellatrix_divaricerca,Lower_Triassic_(late_Induan-early_Olenekian),marine ,3.1467,251.434,249.8666667,62.75100049,60.66264895,61.96786991,60.40160875,258.4188879,189.4250601,244.7638738,172.8952917,12.62295101,12.62295101,1698.113237,822.6415936,1615.094348,732.075507,41.04477547,32.53731349,40.44776114,31.49253629,1.283332949,1.258333327,1.224999861,1.216666653,75.75222705,63.98230649,73.89382476,63.36284694,32.92683086,29.14634061,31.70731878,28.78048792
Whitea_durabilis,Lower_Triassic_(early_Olenekian),marine ,1.8654,251.2,249.8666667,62.75100049,60.14055858,61.96786991,60.40160875,258.4188879,187.987683,244.7638738,172.8952917,12.47950875,12.62295101,1698.113237,826.4151206,1615.094348,732.075507,40.82089545,32.31343348,40.44776114,31.49253629,1.266666534,1.241666276,1.224999861,1.216666653,76.3716866,63.98230649,73.89382476,63.36284694,27.19511384,23.1707342,31.70731878,28.78048792
Whitea_lepta,Lower_Triassic_(early_Olenekian),marine ,0.7565,251.2,249.8666667,62.75100049,60.14055858,61.96786991,60.40160875,258.4188879,187.987683,244.7638738,172.8952917,12.47950875,12.62295101,1698.113237,826.4151206,1615.094348,732.075507,40.82089545,32.31343348,40.44776114,31.49253629,1.266666534,1.241666276,1.224999861,1.216666653,76.3716866,63.98230649,73.89382476,63.36284694,27.19511384,23.1707342,31.70731878,28.78048792
Axelia_robusta,Lower_Triassic_(Olenekian_(Smithian)),marine,2.0569,251.2,247.2,62.75100049,60.14055858,61.7068297,59.357428,258.4188879,187.987683,230.3901574,155.6467662,12.47950875,13.38797939,1698.113237,826.4151206,1456.603768,347.1699987,40.82089545,32.31343348,39.40298536,30.14925334,1.266666534,1.241666276,1.208333446,1.199999603,76.3716866,63.98230649,67.69911107,56.54869733,27.19511384,23.1707342,26.82927045,23.90243959
Chaohuichthys_majiashanensis,Lower_Triassic_(Olenekian),marine ,0.9631,251.2,247.2,62.75100049,60.14055858,61.7068297,59.357428,258.4188879,187.987683,230.3901574,155.6467662,12.47950875,13.38797939,1698.113237,826.4151206,1456.603768,347.1699987,40.82089545,32.31343348,39.40298536,30.14925334,1.266666534,1.241666276,1.208333446,1.199999603,76.3716866,63.98230649,67.69911107,56.54869733,27.19511384,23.1707342,26.82927045,23.90243959
Dobrogeria_aegyssensis,Lower_Triassic_(early_Spathian_late_Olenekian),,3.0102,248.5333333,247.2,60.40160875,60.40160875,61.7068297,59.357428,240.4517424,164.9897313,230.3901574,155.6467662,12.86202203,13.38797939,1566.037777,562.2642025,1456.603768,347.1699987,39.62686537,30.67164195,39.40298536,30.14925334,1.199999603,1.183333188,1.208333446,1.199999603,71.41591565,59.64604235,67.69911107,56.54869733,29.26829461,27.19511384,26.82927045,23.90243959
Sassenia_tuberculata,Lower_Triassic_(Olenekian_(Smithian)),marine,1.7132,251.2,247.2,62.75100049,60.14055858,61.7068297,59.357428,258.4188879,187.987683,230.3901574,155.6467662,12.47950875,13.38797939,1698.113237,826.4151206,1456.603768,347.1699987,40.82089545,32.31343348,39.40298536,30.14925334,1.266666534,1.241666276,1.208333446,1.199999603,76.3716866,63.98230649,67.69911107,56.54869733,27.19511384,23.1707342,26.82927045,23.90243959
Wimania_sinuosa,Lower_Triassic_(Olenekian_(Smithian)),marine,1.7498,251.2,247.2,62.75100049,60.14055858,61.7068297,59.357428,258.4188879,187.987683,230.3901574,155.6467662,12.47950875,13.38797939,1698.113237,826.4151206,1456.603768,347.1699987,40.82089545,32.31343348,39.40298536,30.14925334,1.266666534,1.241666276,1.208333446,1.199999603,76.3716866,63.98230649,67.69911107,56.54869733,27.19511384,23.1707342,26.82927045,23.90243959
Sinocoelacanthus_fengshanensis,Lower_Triassic_(Spathian),marine,1.3393,249.2,246.83,61.96786991,60.40160875,63.01205065,59.09638779,241.9132259,168.0472942,230.3901574,155.6467662,12.6991144,13.38797939,1613.12204,599.0951228,1456.603768,347.1699987,40.33492767,31.22009484,39.40298536,30.14925334,1.217131518,1.201194897,1.208333446,1.199999603,75.60976671,63.41462183,67.69911107,56.54869733,31.2643639,28.50574578,26.82927045,23.90243959
Garnbergia_ommata,Middle_Triassic_(late_Anisian),freshwater,1.9835,243.7333333,242,66.14457297,56.74698609,68.23293447,56.22489572,218.1724929,143.4291566,216.016441,141.9917795,14.2964482,14.20081943,1332.075507,354.7170527,1486.792416,501.8866195,38.80596961,29.99999905,38.50746245,35.59701227,1.250000119,1.233333068,1.274999742,1.250000119,54.6902714,44.77877677,48.49558135,48.49558135,34.51219563,27.31707249,29.63414731,25.73170771
Hainbergia_granulata,Middle_Triassic_(late_Anisian),freshwater,1.73,243.7333333,242,66.14457297,56.74698609,68.23293447,56.22489572,218.1724929,143.4291566,216.016441,141.9917795,14.2964482,14.20081943,1332.075507,354.7170527,1486.792416,501.8866195,38.80596961,29.99999905,38.50746245,35.59701227,1.250000119,1.233333068,1.274999742,1.250000119,54.6902714,44.77877677,48.49558135,48.49558135,34.51219563,27.31707249,29.63414731,25.73170771
Luopingcoelacanthus_eurylacrimalis,Middle_Triassic_(late_Pelsonian_middle–late_Anisian),marine ,3.6652,245.4666667,242,65.10040219,57.79116684,68.23293447,56.22489572,221.765922,146.3039109,216.016441,141.9917795,14.3442635,14.20081943,1260.377343,313.2075363,1486.792416,501.8866195,39.10447819,29.99999905,38.50746245,35.59701227,1.233333068,1.208333446,1.274999742,1.250000119,65.2212256,53.4513523,48.49558135,48.49558135,28.78048792,20.121954,29.63414731,25.73170771
Moenkopia_wellesi ,Middle_Triassic_(late_Anisian),freshwater ,1.4033,243.7333333,242,66.14457297,56.74698609,68.23293447,56.22489572,218.1724929,143.4291566,216.016441,141.9917795,14.2964482,14.20081943,1332.075507,354.7170527,1486.792416,501.8866195,38.80596961,29.99999905,38.50746245,35.59701227,1.250000119,1.233333068,1.274999742,1.250000119,54.6902714,44.77877677,48.49558135,48.49558135,34.51219563,27.31707249,29.63414731,25.73170771
Yunnancoelacanthus_acrotuberculatus,Middle_Triassic_(late_Pelsonian_middle–late_Anisian),marine ,1.7691,245.4666667,242,65.10040219,57.79116684,68.23293447,56.22489572,221.765922,146.3039109,216.016441,141.9917795,14.3442635,14.20081943,1260.377343,313.2075363,1486.792416,501.8866195,39.10447819,29.99999905,38.50746245,35.59701227,1.233333068,1.208333446,1.274999742,1.250000119,65.2212256,53.4513523,48.49558135,48.49558135,28.78048792,20.121954,29.63414731,25.73170771
Foreyia_maxkuhni ,Middle_Triassic_(early_Ladinian),marine ,4.6556,242,240.3333333,68.23293447,56.22489572,68.75501488,55.96385551,216.016441,141.9917795,214.5790638,143.4291566,14.20081943,14.10519247,1486.792416,501.8866195,1724.528285,728.30198,38.50746245,35.59701227,38.20895244,29.55223902,1.274999742,1.250000119,1.291666792,1.266666534,48.49558135,48.49558135,44.15931721,36.10620124,29.63414731,25.73170771,29.51219796,24.63414963
Heptanema_paradoxum,Middle_Triassic_(Ladinian),marine,3.3508,242,239.51,68.23293447,56.22489572,68.49397467,55.44176514,216.016441,141.9917795,217.4537907,152.0533371,14.20081943,13.81830615,1486.792416,501.8866195,1943.396232,1124.528357,38.50746245,35.59701227,38.13432814,29.55223902,1.274999742,1.250000119,1.266666534,1.241666276,48.49558135,48.49558135,39.20354626,33.00885621,29.63414731,25.73170771,28.53658457,19.87804135
Alcoveria_brevis,Middle_Triassic_(Ladinian),,1.6315,242,237,68.23293447,56.22489572,67.44979393,55.18072493,216.016441,141.9917795,217.4537907,152.0533371,14.20081943,13.81830615,1486.792416,501.8866195,1943.396232,1124.528357,38.50746245,35.59701227,38.13432814,29.55223902,1.274999742,1.250000119,1.266666534,1.241666276,48.49558135,48.49558135,39.20354626,33.00885621,29.63414731,25.73170771,28.53658457,19.87804135
Ticinepomis_peyeri,Middle_Triassic_(Ladinian),marine ,2.4862,242,237,68.23293447,56.22489572,67.44979393,55.18072493,216.016441,141.9917795,217.4537907,152.0533371,14.20081943,13.81830615,1486.792416,501.8866195,1943.396232,1124.528357,38.50746245,35.59701227,38.13432814,29.55223902,1.274999742,1.250000119,1.266666534,1.241666276,48.49558135,48.49558135,39.20354626,33.00885621,29.63414731,25.73170771,28.53658457,19.87804135
Chinlea_sorenseni,Upper_Triassic_(Carnian),freshwater ,2.8224,237,227,67.44979393,55.18072493,67.44979393,57.79116684,217.4537907,152.0533371,261.2936422,193.0184892,13.81830615,13.77049267,1943.396232,1124.528357,2196.226317,1796.226377,38.13432814,29.55223902,36.49253803,28.35821037,1.266666534,1.241666276,1.141666514,1.125000099,39.20354626,33.00885621,49.1150409,39.82300582,28.53658457,19.87804135,25.60975837,18.41463522
Guizhoucoelacanthus_guanlingensis,Middle-Upper_Triassic_(Ladinian-Carnian),marine,1.4645,242,227,68.23293447,56.22489572,67.44979393,57.79116684,216.016441,141.9917795,261.2936422,193.0184892,14.20081943,13.77049267,1486.792416,501.8866195,2196.226317,1796.226377,38.50746245,35.59701227,36.49253803,28.35821037,1.274999742,1.250000119,1.141666514,1.125000099,48.49558135,48.49558135,49.1150409,39.82300582,29.63414731,25.73170771,25.60975837,18.41463522
Whiteia_oishoii,Upper_Triassic_(earliest_Carnian_to_late_Norian),marine ,1.1899,237,208.5,67.44979393,55.18072493,59.61846821,51.00401191,217.4537907,152.0533371,268.4805004,198.0492954,13.81830615,13.05327959,1943.396232,1124.528357,1807.54703,1483.018889,38.13432814,29.55223902,33.58208928,25.2238816,1.266666534,1.241666276,1.183333188,1.166666773,39.20354626,33.00885621,21.23893565,15.04424559,28.53658457,19.87804135,27.31707249,16.95122445
Atacamaia_solitaria,Lower_Jurassic_(lower-to-middle_Sinemurian),marine ,1.6786,199.3,193.633,58.83533763,56.74698609,57.53011667,53.87550398,216.7351158,159.2401953,157.8028731,98.15192803,13.24453531,10.13661195,2030.188648,1728.301884,2132.075459,1603.773623,31.8656706,24.10447867,29.92537333,22.38806142,1.166666773,1.125000099,1.091666634,1.058333168,59.64604235,50.97346682,56.54869733,46.63715543,22.92682155,18.17073653,23.90243959,19.14634526
Diplurus_newarki,Lower_Jurassic_(Sinemurian),freshwater ,0.7837,199.3,190.8,58.83533763,56.74698609,56.74698609,51.52610228,216.7351158,159.2401953,142.7104818,75.15400371,13.24453531,9.849723799,2030.188648,1728.301884,1996.226401,1396.226473,31.8656706,24.10447867,29.25373043,21.86567281,1.166666773,1.125000099,1.04999996,1.008333287,59.64604235,50.97346682,51.59292638,44.77877677,22.92682155,18.17073653,21.46341543,19.75610131
Holophagus_gulo,Lower_Jurassic_(Sinemurian),,2.0943,199.3,190.8,58.83533763,56.74698609,56.74698609,51.52610228,216.7351158,159.2401953,142.7104818,75.15400371,13.24453531,9.849723799,2030.188648,1728.301884,1996.226401,1396.226473,31.8656706,24.10447867,29.25373043,21.86567281,1.166666773,1.125000099,1.04999996,1.008333287,59.64604235,50.97346682,51.59292638,44.77877677,22.92682155,18.17073653,21.46341543,19.75610131
Trachymetopon_liassicum,Lower_Jurassic_(Lower_Toarcian),marine ,1.4484,182.7,179.8333333,55.70280535,43.17268618,58.83533763,43.43373635,150.6160149,90.24639497,156.3654959,99.58933257,8.702185783,8.797814559,1596.226425,1200.000048,1671.698116,1162.264203,28.65671611,21.71641852,30.07462762,23.50746434,1.116666256,1.083333426,1.158332929,1.125000099,24.95574023,23.09736157,32.38939665,24.95574023,19.39024396,18.29268588,27.80486988,25.24390567
Indocoelacanthus_robustus,Lower_Jurassic_(Toarcian),,0.706,182.7,174.1,55.70280535,43.17268618,67.18875372,49.43775074,150.6160149,90.24639497,157.0841982,107.4948656,8.702185783,10.32786585,1596.226425,1200.000048,1686.79244,1264.151014,28.65671611,21.71641852,30.22388191,23.73134436,1.116666256,1.083333426,1.233333068,1.17499998,24.95574023,23.09736157,90.61946901,70.17699655,19.39024396,18.29268588,28.29268588,22.43902416
Swenzia_latimerae,Lower_Upper_Jurassic_(late_Oxfordian),marine ,2.2796,159.3666667,157.3,76.5863406,72.93172791,75.02007944,68.49397467,185.831631,135.5236236,191.1067446,139.2292786,14.58333453,12.91023819,1547.169855,924.5284051,1639.22415,882.7585952,29.77611903,23.28358148,29.85646016,23.61244064,1.416666812,1.358333088,1.456175357,1.39243009,212.6548678,174.2477848,207.317071,169.5121893,23.41463755,20,24.48275718,15.97700812
Lualabaea_lerichei,Upper_Jurassic_(Kimmeridgian),,2.3322,157.3,152.1,75.02007944,68.49397467,71.88754716,55.96385551,191.7984336,138.5375632,197.3320247,140.6126565,13.0575029,10.94670006,1639.22415,878.8791958,1588.793068,1014.655065,29.76378,23.59842559,30.25984349,24.2362219,1.444881833,1.389763966,1.523621986,1.460629623,203.1409157,168.6757269,170.4584048,140.1528129,24.91329281,15.89595225,20.40462474,18.55491544
Parnaibaia_maranhaoensis,Upper_Jurassic_(Oxfordian_to_Kimmeridgian),freshwater ,0.807,163.5,152.1,77.36948114,71.10441658,71.88754716,55.96385551,173.1225405,126.7786656,197.3320247,140.6126565,14.28471189,10.85382503,1542.241386,1131.034381,1400,1075.471787,29.76378,23.45669277,30.37313336,24.5522387,1.358267785,1.311023814,1.574999662,1.500000159,200.1697783,162.7334523,158.1416001,130.8849544,20.98265944,19.59536644,19.87804135,19.26828531
Undina_cirinensis,Upper_Jurassic_(late_Kimmeridgian),laguna,1.4821,153.8333333,152.1,72.93172791,59.09638779,71.88754716,55.96385551,196.6403357,142.6877763,197.3320247,140.6126565,11.18852484,10.94670006,1244.937681,563.1314646,1588.793068,1014.655065,30.14353984,24.04306154,30.25984349,24.2362219,1.496015997,1.43227073,1.523621986,1.460629623,182.317081,149.3902433,170.4584048,140.1528129,23.79309937,18.16091797,20.40462474,18.55491544
Libys_polypterus,Upper_Jurassic_(early_Tithonian),marine ,2.7479,152.1,149.7333333,71.88754716,55.96385551,70.58232621,53.87550398,197.3320247,140.6126565,194.4558663,139.1170527,10.94670006,10.85382503,1191.90065,568.6060689,1400,1075.471787,30.21531182,24.18660276,30.37313336,24.5522387,1.519920016,1.464143363,1.574999662,1.500000159,173.7804865,140.243902,158.1416001,130.8849544,20.68965453,18.62068984,19.87804135,19.26828531
Macropoma_willemoesii,Upper_Jurassic_(early_Tithonian),marine ,1.5058,152.1,149.7333333,71.88754716,55.96385551,70.58232621,53.87550398,197.0414334,141.1242608,192.2090813,137.6725845,10.94395332,10.78908449,1535.74665,1014.479744,1568.325802,863.8009892,30.21531182,24.18660276,30.37313336,24.61722366,1.519920016,1.464143363,1.559760656,1.48804799,169.5121893,140.243902,159.1463313,132.9268244,20.68965453,18.62068984,19.99999671,18.96551218
Undina_penicillata,Upper_Jurassic_(late_Kimmeridgian-early_Tithonian),marine ,0.7832,153.8333333,149.7333333,72.93172791,59.09638779,70.58232621,53.87550398,196.6403357,142.6877763,194.4558663,139.1170527,11.18852484,10.85382503,1244.937681,563.1314646,1400,1075.471787,30.14353984,24.04306154,30.37313336,24.5522387,1.496015997,1.43227073,1.574999662,1.500000159,182.317081,149.3902433,158.1416001,130.8849544,23.79309937,18.16091797,19.87804135,19.26828531
Mawsonia_soba,Lower_Cretaceous_(Barriasian-Barremian),marine ,1.6981,145,125,69.27710525,54.91967477,89.37750993,68.75501488,178.6447728,124.7433363,243.3264966,195.8932161,11.09289606,12.52732223,1422.641594,1124.528357,1543.396184,1173.584927,29.92537333,24.0298501,28.88059612,23.50746434,1.72499994,1.641666594,2.208333287,2.116666097,142.0354154,118.4955743,205.221235,168.0530947,21.58536943,14.75609898,21.09755343,20.60975604
Axelrodichthys_araripensis,Lower_Cretaceous_(late_Aptian),lagoonal-marine ,1.1238,117,113,86.24497765,75.02007944,83.63453574,66.66666335,267.7617981,208.1108805,276.3860334,213.1416867,15.9699454,14.87021903,1928.301908,1298.113189,1735.849082,1369.811352,31.11940198,25.67164163,31.64179058,26.04477594,1.916666574,1.866666057,1.866666057,1.816666812,207.6991205,166.8141756,174.867268,144.5132772,26.46341775,21.95122212,24.26829229,17.43902184
Mawsonia_brasiliensis,Lower_Cretaceous_(late_Aptian),lagoonal-marine ,1.4642,117,113,86.24497765,75.02007944,83.63453574,66.66666335,267.7617981,208.1108805,276.3860334,213.1416867,15.9699454,14.87021903,1928.301908,1298.113189,1735.849082,1369.811352,31.11940198,25.67164163,31.64179058,26.04477594,1.916666574,1.866666057,1.866666057,1.816666812,207.6991205,166.8141756,174.867268,144.5132772,26.46341775,21.95122212,24.26829229,17.43902184
Mawsonia_tegamensis ,Lower_Cretaceous_(limit_Aptian-Albian),fluvial-marine ,1.1927,117,108.8333333,86.24497765,75.02007944,88.85541956,65.88353277,267.7617981,208.1108805,281.4168396,221.765922,15.9699454,13.43579287,1928.301908,1298.113189,1732.075339,1354.716957,31.11940198,25.67164163,31.41791057,25.37313589,1.916666574,1.866666057,1.816666812,1.774999821,207.6991205,166.8141756,171.1504397,142.0354154,26.46341775,21.95122212,23.29268355,17.80487918
Axelrodichthys_maiseyi ,Lower_Cretaceous_(middle-late_Albian),marine ,1.4939,108.8333333,100.5,88.85541956,65.88353277,94.07630337,73.9758987,281.4168396,221.765922,262.7310193,219.6098701,13.43579287,13.14890836,1732.075339,1354.716957,1566.037777,1301.886859,31.41791057,25.37313589,30.74626767,24.5522387,1.816666812,1.774999821,1.658333009,1.608333128,171.1504397,142.0354154,224.4247884,184.159303,23.29268355,17.80487918,25.12195167,23.1707342
Reidus_hilli,Lower_Cretaceous_(Albian),marine ,1.7167,113,100.5,83.89558591,67.44979393,94.07630337,73.9758987,276.3860334,213.1416867,262.7310193,219.6098701,14.87021903,13.14890836,1735.849082,1369.811352,1566.037777,1301.886859,31.64179058,26.04477594,30.74626767,24.5522387,1.866666057,1.816666812,1.658333009,1.608333128,174.867268,144.5132772,224.4247884,184.159303,24.26829229,17.43902184,25.12195167,23.1707342
Axelrodichthys_lavocati,Upper_Cretaceous_(early-middle_Cenomanian),fluvial-delta,1.7382,100.5,96.1,94.07630337,73.9758987,90.16064051,77.63052135,262.7310193,219.6098701,249.0759777,213.1416867,13.14890836,14.39207698,1566.037777,1301.886859,1773.584927,1041.509468,30.74626767,24.5522387,31.04477626,24.92537301,1.658333009,1.608333128,1.666666852,1.599999921,224.4247884,184.159303,225.6637311,184.159303,25.12195167,23.1707342,27.56097584,26.5853578
Macropomoides_orientalis,Upper_Cretaceous_(middle_Cenomanian),,1.6185,98.3,96.1,91.98795184,76.06426019,90.16064051,77.63052135,255.5441611,216.7351158,249.0759777,213.1416867,13.86612145,14.39207698,1577.358502,1147.169807,1773.584927,1041.509468,30.67164195,24.62686727,31.04477626,24.92537301,1.649999801,1.591666713,1.666666852,1.599999921,226.9026502,184.7787626,225.6637311,184.159303,28.04878253,25.85366171,27.56097584,26.5853578
Macropoma_lewesiensis,Upper_Cretaceous_(Cenomanian),marine ,0.5852,100.5,93.9,94.07630337,73.9758987,89.8996003,80.24096326,262.7310193,219.6098701,246.9199257,210.2669325,13.14890836,15.06147659,1566.037777,1301.886859,1592.452826,701.8868594,30.74626767,24.5522387,31.94029917,26.34328453,1.658333009,1.608333128,1.67500006,1.616666336,224.4247884,184.159303,223.1858457,182.3009007,25.12195167,23.1707342,30.97560873,29.51219796
Macropoma_precursor,Upper_Cretaceous_(Cenomanian),marine ,1.0821,100.5,93.9,94.07630337,73.9758987,89.8996003,80.24096326,262.7310193,219.6098701,246.9199257,210.2669325,13.14890836,15.06147659,1566.037777,1301.886859,1592.452826,701.8868594,30.74626767,24.5522387,31.94029917,26.34328453,1.658333009,1.608333128,1.67500006,1.616666336,224.4247884,184.159303,223.1858457,182.3009007,25.12195167,23.1707342,30.97560873,29.51219796
Mawsonia_gigas,Upper_Jurassic_Lower_Cretaceous_(Kimmeridgian-Cenomanian),marine,1.3634,157.3,93.9,75.02007944,67.9718843,89.8996003,80.24096326,191.7984336,138.5375632,246.9199257,210.2669325,13.0575029,15.06147659,1639.22415,878.8791958,1592.452826,701.8868594,29.76378,23.59842559,31.94029917,26.34328453,1.444881833,1.389763966,1.665354501,1.618109929,203.1409157,168.6757269,222.7504176,182.3429542,24.91329281,15.89595225,31.96531889,30
Axelrodichthys_megadromos,Upper_Cretaceous_(lower_Campanian),freshwater ,0.7214,83.6,79.76666667,105.3012016,93.554213,97.46987586,93.554213,258.4188879,216.7351158,272.0739295,231.8275071,17.59562912,18.88661303,1513.207536,867.9246369,1498.113285,879.2453618,32.9850721,26.64179027,33.20895497,26.71641884,1.566666455,1.524999781,1.483333108,1.458333486,288.849539,247.9646059,296.902655,262.8318715,24.14633363,19.39024396,18.41463522,15.97561106
Megalocoelacanthus_dobiei,Upper_Cretaceous_(late_Santonian_early_Maastrichian),marine ,0.9372,84.5,70.06666667,104.7791212,93.554213,76.06426019,70.58232621,257.7002131,214.5790638,290.041075,250.5133548,16.92622951,14.77459026,1490.566087,852.8302412,788.6792752,332.075459,32.9104478,26.56716454,32.46268635,25.67164163,1.583333506,1.566666455,1.608333128,1.583333506,285.1327462,239.9115135,146.3716795,114.7787224,27.92682853,24.26829229,16.46341775,16.21950976
Latimeria_chalumnae,extant,marine ,0.9252,13,0,64.31727161,44.7389573,61.44577953,51.00401191,279.6442814,238.1423086,279.9794625,240.4517424,8.893439687,9.610652771,1094.33971,407.5470059,690.5661346,132.075651,25.29850732,21.6417928,23.43283577,19.62686696,1.125000099,1.099999841,1,1,0.176980004,-3.539824577,0,-120.4877358,16.21950976,15.85366171,21.1,19.8
Latimeria_menadoensis,extant,marine ,1.3267,13,0,64.31727161,44.7389573,61.44577953,51.00401191,279.6442814,238.1423086,279.9794625,240.4517424,8.893439687,9.610652771,1094.33971,407.5470059,690.5661346,132.075651,25.29850732,21.6417928,23.43283577,19.62686696,1.125000099,1.099999841,1,1,0.176980004,-3.539824577,0,-120.4877358,16.21950976,15.85366171,21.1,19.8